[1,["ecpdLyjvZBwrvm+cedCcQy","a2MjXRFdtLlYQ5ouAFv/+R","f0BIwQ8D5Ml7nTNQbh1YlS","ffDpHHVcZAhqOfy25Fe4w7","71VhFCTINJM6/Ky3oX9nBT","ecRzyA/D9PvJReqnk9Ncf7","7eFChIsJtJZpznpL27VRaJ","814Di0N+JPEZF/+KaW/LMg","e97GVMl6JHh5Ml5qEDdSGa","29FYIk+N1GYaeWH/q1NxQO","02delMVqdBD70a/HSD99FK","b4P/PCArtIdIH38t6mlw8Y","e8Ueib+qJEhL6mXAHdnwbi","ed0hW5J5ZKBar1gflskoHO"],["node","_parent","scene","_textureSetter","_spriteFrame","webview","_N$background","_N$placeholderLabel","_N$textLabel","sceneWv","SceneGameMain","sceneGameMini","btnAccept","prgBar","lbMsg","versionLabel","_N$normalSprite","_N$pressedSprite","_N$hoverSprite","_N$disabledSprite"],[["cc.Node",["_name","_id","_objFlags","_components","_contentSize","_parent","_trs","_children","_color"],0,9,5,1,7,2,5],["cc.Widget",["_alignFlags","_originalWidth","_originalHeight","_left","_right","_bottom","alignMode","_top","_enabled","node"],-6,1],["cc.Node",["_name","_objFlags","_active","_parent","_components","_contentSize","_trs","_anchorPoint","_color","_children"],0,1,12,5,7,5,5,2],"cc.SpriteFrame",["cc.Label",["_N$verticalAlign","_N$horizontalAlign","_string","_fontSize","_lineHeight","_enableWrapText","_N$overflow","_enabled","node","_materials"],-5,1,3],"cc.Texture2D",["cc.Node",["_name","_active","_parent","_components","_contentSize","_trs","_children","_anchorPoint"],1,1,2,5,7,2,5],["cc.Canvas",["_fitWidth","_fitHeight","node","_designResolution"],1,1,5],["cc.Scene",["_name","_active","_children","_anchorPoint","_trs"],1,2,5,7],["cc.Sprite",["_sizeMode","_type","node","_materials","_spriteFrame"],1,1,3,6],["cc.SceneAsset",["_name","asyncLoadAssets"],1],["d9042pO/ApL5p4XJOUqXU0u",["node"],3,1],["cc.WebView",["_url","node"],2,1],["77af8fDwNJPaYqMpBaHO26j",["node"],3,1],["cc.Camera",["_clearFlags","_depth","node"],1,1],["0fecbrjR01G+JUlY9bvZI0R",["node","webview"],3,1,1],["cc.EditBox",["maxLength","_N$inputMode","node","_N$textLabel","_N$placeholderLabel","_N$background"],1,1,1,1,1],["3383eWq3qRERZmZo8sdLbXH",["packageName","listDMBK","node","sceneWv","SceneGameMain","sceneGameMini"],1,1,6,6,6],["a263fCqM6NF4bW58NJ7XOsO",["versionFirst","node","versionLabel","lbMsg","prgBar","btnAccept"],2,1,1,1,1,1],["cc.ProgressBar",["_N$totalLength","_N$progress","node","_N$barSprite"],1,1,1],["cc.Button",["_N$transition","node","clickEvents","_N$normalColor","_N$pressedColor","_N$disabledColor","_N$target"],2,1,9,5,5,5,1],["cc.ClickEvent",["_componentId","handler","target"],1,1]],[[10,0,1,3],[0,0,1,7,3,4,6,3],[14,0,1,2,3],[8,0,2,3,4,2],[0,0,5,3,2],[9,1,0,2,3,3],[1,0,9,2],[12,0,1,2],[0,0,5,3,4,6,2],[0,0,5,3,8,4,2],[2,0,3,4,5,6,2],[7,0,2,3,2],[7,2,3,1],[7,0,1,2,3,3],[11,0,1],[13,0,1],[9,0,2,3,4,2],[1,6,0,3,1,2,9,6],[15,0,1,1],[0,0,5,7,3,4,6,2],[0,0,5,3,6,2],[0,0,7,3,4,2],[0,0,2,3,4,6,3],[0,0,5,3,4,2],[2,0,1,3,4,5,3],[2,0,1,2,3,4,5,7,6,4],[2,0,1,3,4,8,5,7,6,3],[2,0,3,9,4,5,6,2],[2,0,2,3,4,5,7,6,3],[6,0,1,2,6,3,4,5,3],[6,0,2,3,4,7,5,2],[6,0,2,3,4,5,2],[8,0,1,2,3,4,3],[1,8,0,3,4,7,5,1,2,9,9],[1,6,0,1,2,9,5],[1,0,1,9,3],[1,6,0,3,4,7,5,1,2,9,9],[1,0,4,5,9,4],[16,0,1,2,3,4,5,3],[4,2,1,0,8,9,4],[4,3,4,5,0,6,8,6],[4,2,3,4,5,0,6,8,9,7],[4,1,0,8,9,3],[4,7,1,0,8,9,4],[17,0,1,2,3,4,5,3],[18,0,1,2,3,4,5,2],[19,0,1,2,3,3],[20,0,1,2,3,4,5,6,2],[21,0,1,2,3]],[[[[0,"Mz.WV-test",null],[1,"Canvas","a5esZu+45LA5mBpvttspPD",[-3,-4,-5],[[11,true,-1,[5,1280,720]],[14,-2]],[5,1280,720],[640,360,0,0,0,0,1,1,1,1]],[8,"New WebView",1,[[7,"https://play.hit24d.co/",-6],[15,-7]],[5,1280,720],[0,-20,0,0,0,0,1,1,1,1]],[3,"New Node",[1],[0,0,0],[0,0,0,0,0,0,1,1,1,1]],[4,"Main Camera",1,[[2,7,-1,-8]]],[9,"New Node",1,[[16,0,-9,[0],1]],[4,4278585085],[5,1280,720]]],0,[0,0,1,0,0,1,0,-1,4,0,-2,5,0,-3,2,0,0,2,0,0,2,0,0,4,0,0,5,0,2,3,1,1,3,9],[0,0],[-1,4],[0,1]],[[[0,"Tesst",null],[1,"Canvas","a5esZu+45LA5mBpvttspPD",[-5,-6,-7,-8],[[12,-1,[5,1280,720]],[6,45,-2],[18,-4,-3]],[5,1280,720],[640,360,0,0,0,0,1,1,1,1]],[19,"editbox",1,[-13,-14,-15],[[38,8,6,-12,-11,-10,-9]],[5,300,120],[-333.842,14.947,0,0,0,0,1,1,1,1]],[10,"New WebView",1,[[[33,false,45,498.526,141.47400000000002,71.9999999999999,327.9999999999999,1080,1920,-16],-17],4,1],[5,640,320.0000000000002],[229.052,-33.684,0,0,0,0,1,1,1,1]],[24,"BACKGROUND_SPRITE",512,2,[[-18,[34,0,45,160,40,-19]],1,4],[5,300,120]],[25,"TEXT_LABEL",512,false,2,[[-20,[17,0,45,2,158,40,-21]],1,4],[5,158,40],[0,0,1],[-78,20,0,0,0,0,1,1,1,1]],[26,"PLACEHOLDER_LABEL",512,2,[[-22,[17,0,45,2,158,40,-23]],1,4],[4,4290493371],[5,298,120],[0,0,1],[-148,60,0,0,0,0,1,1,1,1]],[3,"New Node",[1],[0,0,0],[0,0,0,0,0,0,1,1,1,1]],[4,"Main Camera",1,[[2,7,-1,-24]]],[7,"https://linknayduoc.fun/livestream/go88/taixiu.html?linkgo=GO88.HOUSE&linkhit=GO88.HOUSE",3],[8,"label",1,[[39,"Label",1,1,-25,[0]]],[5,97.87,50.4],[-121.684,193.684,0,0,0,0,1,1,1,1]],[5,1,0,4,[1]],[40,20,25,false,1,1,5],[41,"Enter text here...",20,25,false,1,1,6,[2]]],0,[0,0,1,0,0,1,0,5,9,0,0,1,0,-1,8,0,-2,3,0,-3,10,0,-4,2,0,6,11,0,7,13,0,8,12,0,0,2,0,-1,4,0,-2,5,0,-3,6,0,0,3,0,-2,9,0,-1,11,0,0,4,0,-1,12,0,0,5,0,-1,13,0,0,6,0,0,8,0,0,10,0,2,7,1,1,7,25],[0,0,0,11],[-1,-1,-1,4],[0,0,0,3]],[[{"name":"default_btn_disabled","rect":[0,0,40,40],"offset":[0,0],"originalSize":[40,40],"capInsets":[12,12,12,12]}],[3],0,[0],[3],[4]],[[[0,"Mz.Main",null],[1,"Canvas","c98EPmzLpGNovDXvrP6VSd",[-4],[[12,-1,[5,1560,720]],[35,45,1280,-2],[44,"GGG",["https://raw.githubusercontent.com/Sabizerz/config_colorcarrun/main/"],-3,0,1,2]],[5,1560,720],[780,360,0,0,0,0,1,1,1,1]],[3,"New Node",[1],[0,0,0],[0,0,0,0,0,0,1,1,1,1]],[20,"Main Camera",1,[[2,7,-1,-5]],[0,0,478.9120482927946,0,0,0,1,1,1,1]]],0,[0,0,1,0,0,1,0,0,1,0,-1,3,0,0,3,0,2,2,1,1,2,5],[0,0,0],[9,10,11],[5,6,7]],[["0,9729,9729,33071,33071,0,0,1",-1],[5],0,[],[],[]],[[[0,"Mz.Load",null],[21,"AutoHotUpdateGame",[-7,-8,-9,-10],[[6,45,-1],[45,"0",-6,-5,-4,-3,-2]],[5,1080,1920]],[1,"Canvas","a5esZu+45LA5mBpvttspPD",[-13,1],[[13,true,false,-11,[5,1080,1920]],[6,45,-12]],[5,1080,1920],[540,960,0,0,0,0,1,1,1,1]],[27,"progressBar",1,[-16],[[[5,1,2,-14,[1]],-15],4,1],[5,600,15],[9.325,-152.309,0,0,0,0,1,1,1,1]],[22,"Background",512,[[5,1,2,-17,[4]],[36,0,45,4.5,4.5,1.4999999999999716,1.4999999999999716,100,40,-18]],[5,91,37],[0,0,0,0,0,0,1,1,1,0]],[28,"lbVersion",false,1,[[-19,[37,36,7.719000000000001,22.52800000000002,-20]],1,4],[5,0,50.4],[0,1,0.5],[632.281,-312.272,0,0,0,0,1,1,1,1]],[29,"buttonAccept",false,1,[4],[-21],[5,100,39.99999999999994],[-1.7419999999999618,-284.91100000000006,0,0,0,0,1,1,1,1]],[32,"New Node",false,[2],[0,0,0],[0,0,0,0,0,0,1,1,1,1]],[4,"Main Camera",2,[[2,7,-1,-22]]],[30,"bar",3,[-23],[5,0,9],[0,0,0.5],[-297.522,-0.294,0,0,0,0,1,1,1,1]],[5,1,0,9,[0]],[46,592,0,3,10],[31,"lbMsg",1,[-24],[5,0,50.4],[3.208,-211.159,0,0,0,0,1,1,1,1]],[42,1,1,12,[2]],[43,false,2,1,5,[3]],[47,3,6,[[48,"c888bJGW1tL8Z8rfDEAoz8t","onClickConfirm",1]],[4,4293322470],[4,4291348680],[4,3363338360],4]],0,[0,0,1,0,12,15,0,13,11,0,14,13,0,15,14,0,0,1,0,-1,3,0,-2,12,0,-3,5,0,-4,6,0,0,2,0,0,2,0,-1,8,0,0,3,0,-2,11,0,-1,9,0,0,4,0,0,4,0,-1,14,0,0,5,0,-1,15,0,0,8,0,-1,10,0,-1,13,0,2,7,1,1,2,2,1,7,4,1,6,24],[0,0,0,0,0,15,15,15,15],[-1,-1,-1,-1,-1,16,17,18,19],[0,0,0,0,0,2,8,2,9]],[[[0,"Mz.Mini",null],[1,"Canvas","a5esZu+45LA5mBpvttspPD",[-3],[[13,true,false,-1,[5,1080,1920]],[6,45,-2]],[5,1080,1920],[540,960,0,0,0,0,1,1,1,1]],[3,"New Node",[1],[0,0,0],[0,0,0,0,0,0,1,1,1,1]],[23,"Main Camera",1,[[2,7,-1,-4]],[5,960,640]]],0,[0,0,1,0,0,1,0,-1,3,0,0,3,0,2,2,1,1,2,4],[],[],[]],[[{"name":"default_sprite_splash","rect":[0,0,2,2],"offset":[0,0],"originalSize":[2,2],"capInsets":[0,0,0,0]}],[3],0,[0],[3],[10]],[["0,9729,9729,33071,33071,0,0,1",-1],[5],0,[],[],[]],[["0,9729,9729,33071,33071,0,0,1",-1],[5],0,[],[],[]],[[{"name":"default_btn_pressed","rect":[0,0,40,40],"offset":[0,0],"originalSize":[40,40],"capInsets":[12,12,12,12]}],[3],0,[0],[3],[11]],[[[0,"Mz.WV-REAL",null],[1,"Canvas","a5esZu+45LA5mBpvttspPD",[-5,-6,-7],[[11,true,-1,[5,1280,720]],[14,-2],[18,-4,-3]],[5,1280,720],[640,360,0,0,0,0,1,1,1,1]],[10,"New WebView",1,[[-8,[15,-9]],1,4],[5,1280,720],[0,-20,0,0,0,0,1,1,1,1]],[3,"New Node",[1],[0,0,0],[0,0,0,0,0,0,1,1,1,1]],[4,"Main Camera",1,[[2,7,-1,-10]]],[9,"New Node",1,[[16,0,-11,[0],1]],[4,4278585085],[5,1280,720]],[7,"https://play.hit24d.co/",2]],0,[0,0,1,0,0,1,0,5,6,0,0,1,0,-1,4,0,-2,5,0,-3,2,0,-1,6,0,0,2,0,0,4,0,0,5,0,2,3,1,1,3,11],[0,0],[-1,4],[0,1]],[["0,9729,9729,33071,33071,0,0,1",-1],[5],0,[],[],[]],[[{"name":"default_btn_normal","rect":[0,0,40,40],"offset":[0,0],"originalSize":[40,40],"capInsets":[12,12,12,12]}],[3],0,[0],[3],[12]],[[{"name":"default_editbox_bg","rect":[0,0,40,40],"offset":[0,0],"originalSize":[40,40],"capInsets":[12,12,12,12]}],[3],0,[0],[3],[13]]]]