[1,["ecpdLyjvZBwrvm+cedCcQy","f0BIwQ8D5Ml7nTNQbh1YlS","ffDpHHVcZAhqOfy25Fe4w7","71VhFCTINJM6/Ky3oX9nBT","beCtVbbZZMAqrcns/k837d","7eFChIsJtJZpznpL27VRaJ","814Di0N+JPEZF/+KaW/LMg","e97GVMl6JHh5Ml5qEDdSGa","29FYIk+N1GYaeWH/q1NxQO","b4P/PCArtIdIH38t6mlw8Y","e8Ueib+qJEhL6mXAHdnwbi","ed0hW5J5ZKBar1gflskoHO"],["node","_parent","scene","_textureSetter","webview","_N$background","_N$placeholderLabel","_N$textLabel","_spriteFrame","sceneWv","SceneGameMain","sceneGameMini","btnAccept","prgBar","lbMsg","versionLabel","_N$normalSprite","_N$pressedSprite","_N$hoverSprite","_N$disabledSprite"],[["cc.Node",["_name","_id","_objFlags","_components","_contentSize","_trs","_parent","_children"],0,9,5,7,1,2],["cc.Widget",["_alignFlags","_originalWidth","_originalHeight","_left","_right","_bottom","alignMode","_top","_enabled","node"],-6,1],["cc.Node",["_name","_objFlags","_active","_parent","_components","_contentSize","_trs","_anchorPoint","_color","_children"],0,1,12,5,7,5,5,2],["cc.Label",["_N$verticalAlign","_N$horizontalAlign","_string","_fontSize","_lineHeight","_enableWrapText","_N$overflow","_enabled","node","_materials"],-5,1,3],"cc.SpriteFrame","cc.Texture2D",["cc.Node",["_name","_active","_parent","_components","_contentSize","_trs","_children","_anchorPoint"],1,1,2,5,7,2,5],["cc.Canvas",["_fitWidth","_fitHeight","node","_designResolution"],1,1,5],["cc.Scene",["_name","_active","_children","_anchorPoint","_trs"],1,2,5,7],["cc.SceneAsset",["_name","asyncLoadAssets"],1],["0fecbrjR01G+JUlY9bvZI0R",["node","webview"],3,1,1],["cc.EditBox",["maxLength","_N$inputMode","node","_N$textLabel","_N$placeholderLabel","_N$background"],1,1,1,1,1],["cc.Camera",["_clearFlags","_depth","node"],1,1],["cc.WebView",["_url","node"],2,1],["cc.Sprite",["_type","_sizeMode","node","_materials"],1,1,3],["3383eWq3qRERZmZo8sdLbXH",["packageName","listDMBK","node","sceneWv","SceneGameMain","sceneGameMini"],1,1,6,6,6],["a263fCqM6NF4bW58NJ7XOsO",["versionFirst","node","versionLabel","lbMsg","prgBar","btnAccept"],2,1,1,1,1,1],["cc.ProgressBar",["_N$totalLength","_N$progress","node","_N$barSprite"],1,1,1],["cc.Button",["_N$transition","node","clickEvents","_N$normalColor","_N$pressedColor","_N$disabledColor","_N$target"],2,1,9,5,5,5,1],["cc.ClickEvent",["_componentId","handler","target"],1,1]],[[9,0,1,3],[0,0,1,7,3,4,5,3],[1,0,9,2],[12,0,1,2,3],[8,0,2,3,4,2],[14,0,1,2,3,3],[0,0,6,3,2],[7,2,3,1],[7,0,1,2,3,3],[1,6,0,3,1,2,9,6],[10,0,1,1],[13,0,1,2],[0,0,6,7,3,4,5,2],[0,0,6,3,4,5,2],[0,0,6,3,5,2],[0,0,7,3,4,2],[0,0,2,3,4,5,3],[0,0,6,3,4,2],[2,0,3,4,5,6,2],[2,0,1,3,4,5,3],[2,0,1,2,3,4,5,7,6,4],[2,0,1,3,4,8,5,7,6,3],[2,0,3,9,4,5,6,2],[2,0,2,3,4,5,7,6,3],[2,0,3,4,5,2],[6,0,1,2,6,3,4,5,3],[6,0,2,3,4,7,5,2],[6,0,2,3,4,5,2],[1,8,0,3,4,7,5,1,2,9,9],[1,6,0,1,2,9,5],[1,0,1,9,3],[1,6,0,3,4,7,5,1,2,9,9],[1,0,4,5,9,4],[1,0,1,2,9,4],[11,0,1,2,3,4,5,3],[8,0,1,2,3,4,3],[3,2,1,0,8,9,4],[3,3,4,5,0,6,8,6],[3,2,3,4,5,0,6,8,9,7],[3,1,0,8,9,3],[3,7,1,0,8,9,4],[15,0,1,2,3,4,5,3],[16,0,1,2,3,4,5,2],[17,0,1,2,3,3],[18,0,1,2,3,4,5,6,2],[19,0,1,2,3]],[[[[0,"Tesst",null],[1,"Canvas","a5esZu+45LA5mBpvttspPD",[-5,-6,-7,-8],[[7,-1,[5,1280,720]],[2,45,-2],[10,-4,-3]],[5,1280,720],[640,360,0,0,0,0,1,1,1,1]],[12,"editbox",1,[-13,-14,-15],[[34,8,6,-12,-11,-10,-9]],[5,300,120],[-333.842,14.947,0,0,0,0,1,1,1,1]],[18,"New WebView",1,[[[28,false,45,498.526,141.47400000000002,71.9999999999999,327.9999999999999,1080,1920,-16],-17],4,1],[5,640,320.0000000000002],[229.052,-33.684,0,0,0,0,1,1,1,1]],[19,"BACKGROUND_SPRITE",512,2,[[-18,[29,0,45,160,40,-19]],1,4],[5,300,120]],[20,"TEXT_LABEL",512,false,2,[[-20,[9,0,45,2,158,40,-21]],1,4],[5,158,40],[0,0,1],[-78,20,0,0,0,0,1,1,1,1]],[21,"PLACEHOLDER_LABEL",512,2,[[-22,[9,0,45,2,158,40,-23]],1,4],[4,4290493371],[5,298,120],[0,0,1],[-148,60,0,0,0,0,1,1,1,1]],[4,"New Node",[1],[0,0,0],[0,0,0,0,0,0,1,1,1,1]],[6,"Main Camera",1,[[3,7,-1,-24]]],[11,"https://linknayduoc.fun/livestream/go88/taixiu.html?linkgo=GO88.HOUSE&linkhit=GO88.HOUSE",3],[13,"label",1,[[36,"Label",1,1,-25,[0]]],[5,97.87,50.4],[-121.684,193.684,0,0,0,0,1,1,1,1]],[5,1,0,4,[1]],[37,20,25,false,1,1,5],[38,"Enter text here...",20,25,false,1,1,6,[2]]],0,[0,0,1,0,0,1,0,4,9,0,0,1,0,-1,8,0,-2,3,0,-3,10,0,-4,2,0,5,11,0,6,13,0,7,12,0,0,2,0,-1,4,0,-2,5,0,-3,6,0,0,3,0,-2,9,0,-1,11,0,0,4,0,-1,12,0,0,5,0,-1,13,0,0,6,0,0,8,0,0,10,0,2,7,1,1,7,25],[0,0,0,11],[-1,-1,-1,8],[0,0,0,2]],[[{"name":"default_btn_disabled","rect":[0,0,40,40],"offset":[0,0],"originalSize":[40,40],"capInsets":[12,12,12,12]}],[4],0,[0],[3],[3]],[[[0,"Mz.Main",null],[1,"Canvas","c98EPmzLpGNovDXvrP6VSd",[-4],[[7,-1,[5,1560,720]],[30,45,1280,-2],[41,"GGG",["https://raw.githubusercontent.com/Sabizerz/config_colorcarrun/main/"],-3,0,1,2]],[5,1560,720],[780,360,0,0,0,0,1,1,1,1]],[4,"New Node",[1],[0,0,0],[0,0,0,0,0,0,1,1,1,1]],[14,"Main Camera",1,[[3,7,-1,-5]],[0,0,478.9120482927946,0,0,0,1,1,1,1]]],0,[0,0,1,0,0,1,0,0,1,0,-1,3,0,0,3,0,2,2,1,1,2,5],[0,0,0],[9,10,11],[4,5,6]],[["0,9729,9729,33071,33071,0,0,1",-1],[5],0,[],[],[]],[[[0,"Mz.Load",null],[15,"AutoHotUpdateGame",[-7,-8,-9,-10],[[2,45,-1],[42,"0",-6,-5,-4,-3,-2]],[5,1080,1920]],[1,"Canvas","a5esZu+45LA5mBpvttspPD",[-13,1],[[8,true,false,-11,[5,1080,1920]],[2,45,-12]],[5,1080,1920],[540,960,0,0,0,0,1,1,1,1]],[22,"progressBar",1,[-16],[[[5,1,2,-14,[1]],-15],4,1],[5,600,15],[9.325,-152.309,0,0,0,0,1,1,1,1]],[16,"Background",512,[[5,1,2,-17,[4]],[31,0,45,4.5,4.5,1.4999999999999716,1.4999999999999716,100,40,-18]],[5,91,37],[0,0,0,0,0,0,1,1,1,0]],[23,"lbVersion",false,1,[[-19,[32,36,7.719000000000001,22.52800000000002,-20]],1,4],[5,0,50.4],[0,1,0.5],[632.281,-312.272,0,0,0,0,1,1,1,1]],[25,"buttonAccept",false,1,[4],[-21],[5,100,39.99999999999994],[-1.7419999999999618,-284.91100000000006,0,0,0,0,1,1,1,1]],[35,"New Node",false,[2],[0,0,0],[0,0,0,0,0,0,1,1,1,1]],[6,"Main Camera",2,[[3,7,-1,-22]]],[26,"bar",3,[-23],[5,0,9],[0,0,0.5],[-297.522,-0.294,0,0,0,0,1,1,1,1]],[5,1,0,9,[0]],[43,592,0,3,10],[27,"lbMsg",1,[-24],[5,0,50.4],[3.208,-211.159,0,0,0,0,1,1,1,1]],[39,1,1,12,[2]],[40,false,2,1,5,[3]],[44,3,6,[[45,"c888bJGW1tL8Z8rfDEAoz8t","onClickConfirm",1]],[4,4293322470],[4,4291348680],[4,3363338360],4]],0,[0,0,1,0,12,15,0,13,11,0,14,13,0,15,14,0,0,1,0,-1,3,0,-2,12,0,-3,5,0,-4,6,0,0,2,0,0,2,0,-1,8,0,0,3,0,-2,11,0,-1,9,0,0,4,0,0,4,0,-1,14,0,0,5,0,-1,15,0,0,8,0,-1,10,0,-1,13,0,2,7,1,1,2,2,1,7,4,1,6,24],[0,0,0,0,0,15,15,15,15],[-1,-1,-1,-1,-1,16,17,18,19],[0,0,0,0,0,1,7,1,8]],[[[0,"Mz.Mini",null],[1,"Canvas","a5esZu+45LA5mBpvttspPD",[-3],[[8,true,false,-1,[5,1080,1920]],[2,45,-2]],[5,1080,1920],[540,960,0,0,0,0,1,1,1,1]],[4,"New Node",[1],[0,0,0],[0,0,0,0,0,0,1,1,1,1]],[17,"Main Camera",1,[[3,7,-1,-4]],[5,960,640]]],0,[0,0,1,0,0,1,0,-1,3,0,0,3,0,2,2,1,1,2,4],[],[],[]],[["0,9729,9729,33071,33071,0,0,1",-1],[5],0,[],[],[]],[[[0,"Mz.WV",null],[1,"Canvas","a5esZu+45LA5mBpvttspPD",[-5,-6],[[7,-1,[5,1280,720]],[2,45,-2],[10,-4,-3]],[5,1280,720],[640,360,0,0,0,0,1,1,1,1]],[24,"New WebView",1,[[[33,45,1080,1920,-7],-8],4,1],[5,1280,720]],[4,"New Node",[1],[0,0,0],[0,0,0,0,0,0,1,1,1,1]],[6,"Main Camera",1,[[3,7,-1,-9]]],[11,"https://play.man2.club/",2]],0,[0,0,1,0,0,1,0,4,5,0,0,1,0,-1,4,0,-2,2,0,0,2,0,-2,5,0,0,4,0,2,3,1,1,3,9],[],[],[]],[["0,9729,9729,33071,33071,0,0,1",-1],[5],0,[],[],[]],[[{"name":"default_btn_pressed","rect":[0,0,40,40],"offset":[0,0],"originalSize":[40,40],"capInsets":[12,12,12,12]}],[4],0,[0],[3],[9]],[["0,9729,9729,33071,33071,0,0,1",-1],[5],0,[],[],[]],[[{"name":"default_btn_normal","rect":[0,0,40,40],"offset":[0,0],"originalSize":[40,40],"capInsets":[12,12,12,12]}],[4],0,[0],[3],[10]],[[{"name":"default_editbox_bg","rect":[0,0,40,40],"offset":[0,0],"originalSize":[40,40],"capInsets":[12,12,12,12]}],[4],0,[0],[3],[11]]]]